{
  "denoise_pca": {
    "silhouette_walktrap_native": 0.3507002890110016,
    "silhouette_leiden_pca": 0.4575938582420349,
    "ARI": 0.6847764630578583,
    "Rand": 0.9476503619090385,
    "marker_jaccard_vs_baseline": 0.05917159763313609
  },
  "denoise_knn": {
    "silhouette_walktrap_native": 0.12527932226657867,
    "silhouette_leiden_pca": 0.2930513918399811,
    "ARI": 0.5919948175308721,
    "Rand": 0.948267203195088,
    "marker_jaccard_vs_baseline": 0.0875
  }
}