{
  "harmony": {
    "silhouette_walktrap_native": 0.5179917216300964,
    "silhouette_leiden_pca": 0.33011794090270996,
    "ARI": 0.7631772037895779,
    "Rand": 0.9572153800196167
  },
  "bbknn": {
    "silhouette_walktrap_native": 0.009989552199840546,
    "silhouette_leiden_pca": 0.3333514928817749,
    "ARI": 0.7109776124926358,
    "Rand": 0.958073001461845
  }
}